ADAM,Adams
ALLE,Allen
ASHL,Ashland
ASHT,Ashtabula
ATHE,Athens
AUGL,Auglaze
BELM,Belmont
BROW,Brown
BUTL,Butler
CARR,Carroll
CHAM,Champaign
CLAR,Clark
CLER,Clermont
CLIN,Clinton
COLU,Columbiana
COSH,Coshocton
CRAW,Crawford
CUYA,Cuyahoga
DARK,Darke
DEFI,Defiance
DELA,Delaware
ERIE,Erie
FAIR,Fairfield
FAYE,Fayette
FRAN,Franklin
FULT,Fulton
GALL,Gallia
GEAU,Geauga
GREE,Greene
GUER,Guernsey
HAMI,Hamilton
HANC,Hancock
HARD,Hardin
HARR,Harrison
HENR,Henry
HIGH,Highland
HOCK,Hocking
HOLM,Holmes
HURO,Huron
JACK,Jackson
JEFF,Jefferson
KNOX,Knox
LAKE,Lake
LAWR,Lawrence
LICK,Licking
LOGA,Logan
LORA,Lorain
LUCA,Lucas
MADI,Madison
MAHO,Mahoning
MARI,Marion
MEDI,Medina
MEIG,Meigs
MERC,Mercer
MIAM,Miami
MONR,Monroe
MONT,Montgomery
MORG,Morgan
MORR,Morrow
MUSK,Muskingum
NOBL,Noble
OTTA,Ottawa
PAUL,Paulding
PERR,Perry
PICK,Pickaway
PIKE,Pike
PORT,Portage
PREB,Preble
PUTN,Putnam
RICH,Richland
ROSS,Ross
SAND,Sandusky
SCIO,Scioto
SENE,Seneca
SHEL,Shelby
STAR,Stark
SUMM,Summit
TRUM,Trumbull
TUSC,Tuscarawas
UNIO,Union
VANW,VanWert
VINT,Vinton
WARR,Warren
WASH,Washington
WAYN,Wayne
WILL,Williams
WOOD,Wood
WYAN,Wyandot 